{
    "10": [
        284.60138004581955,
        135.90246020139446,
        15.32104705146481,
        38.048833033670206
    ],
    "20": [
        275.86004555350434,
        128.74212474410595,
        9.781456012941971,
        34.21334596082709
    ],
    "30": [
        286.17029773497075,
        120.23278273731655,
        10.575138238575605,
        31.749114607347646
    ],
    "40": [
        292.5448765764776,
        127.19642480206751,
        10.185912079434926,
        30.096007697184373
    ],
    "50": [
        308.8584732254555,
        133.07712414624265,
        8.187999966819717,
        30.99064170065195
    ],
    "60": [
        320.52389790470255,
        134.93804034097124,
        8.520028089261356,
        29.75713578196308
    ],
    "70": [
        324.74878983911555,
        136.2383023363347,
        10.027389549529918,
        21.602395406874816
    ],
    "80": [
        338.33357736768994,
        144.4937880939256,
        10.781995116523369,
        21.820074592102408
    ],
    "90": [
        349.1023636577179,
        122.7161445158103,
        17.091337616705484,
        16.509094134164723
    ],
    "100": [
        332.6557706325185,
        134.76273589535597,
        14.013137166986185,
        16.66320449325008
    ],
    "110": [
        298.87576387907893,
        126.40240699733997,
        11.840039074918348,
        13.864971048349878
    ]
}