{
    "10": [
        283.9661550449863,
        135.94536257078525,
        16.0,
        43.0
    ],
    "20": [
        274.7901989451748,
        128.46263383772282,
        16.0,
        43.00000000000001
    ],
    "30": [
        285.22109474796093,
        127.43876306885045,
        16.0,
        43.00000000000001
    ],
    "40": [
        295.40651176837537,
        127.36232646495493,
        16.0,
        43.00000000000001
    ],
    "50": [
        312.5647989594163,
        130.30147136209885,
        16.0,
        42.99999999999998
    ],
    "60": [
        322.40240718639063,
        132.34821879967524,
        16.0,
        43.000000000000014
    ],
    "70": [
        326.18829894232044,
        137.69735689490975,
        16.0,
        43.00000000000001
    ],
    "80": [
        341.1992560760655,
        134.18323714715325,
        16.0,
        43.00000000000001
    ],
    "90": [
        346.10692027226486,
        139.02137169961426,
        16.0,
        43.0
    ],
    "100": [
        332.6664724183741,
        128.49210364673925,
        16.0,
        43.0
    ],
    "110": [
        295.0026289398342,
        115.53850511672489,
        16.0,
        43.0
    ]
}