{
    "10": [
        283.8223592678642,
        134.59973806442503,
        12.811820947221607,
        39.9183978724512
    ],
    "20": [
        274.0086141261409,
        122.93997999118048,
        11.619155612767232,
        35.460804732851436
    ],
    "30": [
        282.21648629780833,
        119.71226222737427,
        10.578770800803454,
        31.08983648455047
    ],
    "40": [
        287.9459553552637,
        127.5997471827023,
        12.46138870126241,
        28.90409965807843
    ],
    "50": [
        310.74990847976807,
        133.13798348842437,
        8.938583156168914,
        26.744447948466465
    ],
    "60": [
        321.93117672940974,
        149.38395043455083,
        10.360009841731848,
        25.99724589831989
    ],
    "70": [
        324.80071396139664,
        141.03942393753684,
        9.624389015391442,
        24.939538226036483
    ],
    "80": [
        335.64467259950953,
        145.04980355796508,
        12.674599253369939,
        21.42267294718494
    ],
    "90": [
        341.31089838964095,
        148.56864845934703,
        12.40121772430339,
        21.206406599292002
    ],
    "100": [
        332.55534963635534,
        135.04989027350203,
        11.603878123471848,
        17.740147318069155
    ],
    "110": [
        299.5895620569158,
        126.93645228628218,
        9.829328215766827,
        19.43293969160379
    ]
}